period,stateid,price_cents_per_kwh,group
2015-01,AZ,10.99,dense
2015-02,AZ,11.52,dense
2015-03,AZ,11.46,dense
2015-04,AZ,12.21,dense
2015-05,AZ,12.64,dense
2015-06,AZ,12.71,dense
2015-07,AZ,12.78,dense
2015-08,AZ,12.59,dense
2015-09,AZ,12.69,dense
2015-10,AZ,12.16,dense
2015-11,AZ,11.24,dense
2015-12,AZ,10.7,dense
2016-01,AZ,10.84,dense
2016-02,AZ,11.39,dense
2016-03,AZ,11.68,dense
2016-04,AZ,12.28,dense
2016-05,AZ,12.87,dense
2016-06,AZ,12.48,dense
2016-07,AZ,12.64,dense
2016-08,AZ,12.5,dense
2016-09,AZ,12.71,dense
2016-10,AZ,12.1,dense
2016-11,AZ,11.6,dense
2016-12,AZ,11.23,dense
2017-01,AZ,11.25,dense
2017-02,AZ,11.59,dense
2017-03,AZ,11.67,dense
2017-04,AZ,12.41,dense
2017-05,AZ,12.98,dense
2017-06,AZ,12.6,dense
2017-07,AZ,12.69,dense
2017-08,AZ,12.65,dense
2017-09,AZ,12.98,dense
2017-10,AZ,12.78,dense
2017-11,AZ,12.2,dense
2017-12,AZ,12.18,dense
2018-01,AZ,12.18,dense
2018-02,AZ,12.13,dense
2018-03,AZ,12.32,dense
2018-04,AZ,13.02,dense
2018-05,AZ,13.24,dense
2018-06,AZ,13.1,dense
2018-07,AZ,12.86,dense
2018-08,AZ,12.83,dense
2018-09,AZ,12.83,dense
2018-10,AZ,13.17,dense
2018-11,AZ,12.58,dense
2018-12,AZ,12.2,dense
2019-01,AZ,12.12,dense
2019-02,AZ,12.1,dense
2019-03,AZ,12.22,dense
2019-04,AZ,12.82,dense
2019-05,AZ,13.13,dense
2019-06,AZ,12.73,dense
2019-07,AZ,12.63,dense
2019-08,AZ,12.41,dense
2019-09,AZ,12.32,dense
2019-10,AZ,12.77,dense
2019-11,AZ,12.01,dense
2019-12,AZ,11.61,dense
2020-01,AZ,11.55,dense
2020-02,AZ,11.73,dense
2020-03,AZ,12.01,dense
2020-04,AZ,12.63,dense
2020-05,AZ,12.86,dense
2020-06,AZ,12.63,dense
2020-07,AZ,12.57,dense
2020-08,AZ,12.24,dense
2020-09,AZ,12.38,dense
2020-10,AZ,12.1,dense
2020-11,AZ,11.55,dense
2020-12,AZ,12.04,dense
2021-01,AZ,11.69,dense
2021-02,AZ,12.08,dense
2021-03,AZ,12.15,dense
2021-04,AZ,12.52,dense
2021-05,AZ,13.04,dense
2021-06,AZ,12.66,dense
2021-07,AZ,12.64,dense
2021-08,AZ,12.58,dense
2021-09,AZ,12.74,dense
2021-10,AZ,12.82,dense
2021-11,AZ,12.31,dense
2021-12,AZ,12.62,dense
2022-01,AZ,12.39,dense
2022-02,AZ,12.73,dense
2022-03,AZ,12.66,dense
2022-04,AZ,13.14,dense
2022-05,AZ,13.15,dense
2022-06,AZ,13.21,dense
2022-07,AZ,13.08,dense
2022-08,AZ,13.18,dense
2022-09,AZ,13.27,dense
2022-10,AZ,13.11,dense
2022-11,AZ,13.11,dense
2022-12,AZ,12.57,dense
2023-01,AZ,12.63,dense
2023-02,AZ,13.12,dense
2023-03,AZ,13.62,dense
2023-04,AZ,14.12,dense
2023-05,AZ,14.3,dense
2023-06,AZ,14.28,dense
2023-07,AZ,14.13,dense
2023-08,AZ,13.83,dense
2023-09,AZ,14.38,dense
2023-10,AZ,14.53,dense
2023-11,AZ,14.55,dense
2023-12,AZ,14.42,dense
2024-01,AZ,14.06,dense
2024-02,AZ,14.41,dense
2024-03,AZ,14.88,dense
2024-04,AZ,15.2,dense
2024-05,AZ,15.45,dense
2024-06,AZ,15.11,dense
2024-07,AZ,14.82,dense
2024-08,AZ,14.81,dense
2024-09,AZ,14.91,dense
2024-10,AZ,14.98,dense
2024-11,AZ,15.11,dense
2024-12,AZ,15.14,dense
2025-01,AZ,14.72,dense
2025-02,AZ,15.2,dense
2025-03,AZ,15.14,dense
2025-04,AZ,15.67,dense
2025-05,AZ,15.71,dense
2025-06,AZ,15.23,dense
2025-07,AZ,15.34,dense
2025-08,AZ,15.17,dense
2025-09,AZ,15.27,dense
2025-10,AZ,15.55,dense
2025-11,AZ,15.66,dense
2025-12,AZ,15.46,dense
2026-01,AZ,15.61,dense
2026-02,AZ,16.03,dense
2026-03,AZ,15.59,dense
2026-04,AZ,15.48,dense
2026-05,AZ,15.23,dense
2015-01,GA,10.49,dense
2015-02,GA,10.8,dense
2015-03,GA,10.65,dense
2015-04,GA,11.31,dense
2015-05,GA,11.74,dense
2015-06,GA,12.34,dense
2015-07,GA,13.35,dense
2015-08,GA,12.27,dense
2015-09,GA,12.18,dense
2015-10,GA,11.16,dense
2015-11,GA,10.5,dense
2015-12,GA,10.28,dense
2016-01,GA,10.46,dense
2016-02,GA,10.58,dense
2016-03,GA,11.2,dense
2016-04,GA,11.22,dense
2016-05,GA,11.57,dense
2016-06,GA,12.3,dense
2016-07,GA,12.35,dense
2016-08,GA,12.58,dense
2016-09,GA,11.99,dense
2016-10,GA,11.14,dense
2016-11,GA,11.0,dense
2016-12,GA,10.43,dense
2017-01,GA,10.93,dense
2017-02,GA,11.64,dense
2017-03,GA,11.81,dense
2017-04,GA,11.59,dense
2017-05,GA,11.82,dense
2017-06,GA,12.66,dense
2017-07,GA,12.69,dense
2017-08,GA,12.85,dense
2017-09,GA,12.56,dense
2017-10,GA,11.52,dense
2017-11,GA,11.09,dense
2017-12,GA,10.69,dense
2018-01,GA,10.76,dense
2018-02,GA,10.93,dense
2018-03,GA,11.41,dense
2018-04,GA,11.28,dense
2018-05,GA,11.7,dense
2018-06,GA,12.34,dense
2018-07,GA,12.36,dense
2018-08,GA,12.6,dense
2018-09,GA,12.18,dense
2018-10,GA,11.05,dense
2018-11,GA,10.9,dense
2018-12,GA,9.36,dense
2019-01,GA,11.01,dense
2019-02,GA,11.09,dense
2019-03,GA,11.65,dense
2019-04,GA,11.84,dense
2019-05,GA,12.09,dense
2019-06,GA,12.82,dense
2019-07,GA,12.88,dense
2019-08,GA,12.74,dense
2019-09,GA,11.98,dense
2019-10,GA,11.32,dense
2019-11,GA,11.13,dense
2019-12,GA,9.54,dense
2020-01,GA,11.05,dense
2020-02,GA,11.24,dense
2020-03,GA,11.58,dense
2020-04,GA,11.57,dense
2020-05,GA,12.0,dense
2020-06,GA,12.88,dense
2020-07,GA,12.84,dense
2020-08,GA,13.07,dense
2020-09,GA,12.31,dense
2020-10,GA,12.09,dense
2020-11,GA,11.55,dense
2020-12,GA,10.98,dense
2021-01,GA,10.77,dense
2021-02,GA,11.57,dense
2021-03,GA,11.72,dense
2021-04,GA,12.13,dense
2021-05,GA,13.16,dense
2021-06,GA,13.52,dense
2021-07,GA,13.47,dense
2021-08,GA,13.23,dense
2021-09,GA,12.87,dense
2021-10,GA,12.86,dense
2021-11,GA,12.27,dense
2021-12,GA,12.07,dense
2022-01,GA,11.44,dense
2022-02,GA,11.67,dense
2022-03,GA,12.66,dense
2022-04,GA,13.23,dense
2022-05,GA,14.19,dense
2022-06,GA,15.07,dense
2022-07,GA,15.81,dense
2022-08,GA,15.97,dense
2022-09,GA,14.87,dense
2022-10,GA,14.06,dense
2022-11,GA,13.29,dense
2022-12,GA,11.76,dense
2023-01,GA,12.81,dense
2023-02,GA,13.53,dense
2023-03,GA,13.49,dense
2023-04,GA,13.25,dense
2023-05,GA,13.96,dense
2023-06,GA,14.59,dense
2023-07,GA,14.33,dense
2023-08,GA,14.12,dense
2023-09,GA,13.97,dense
2023-10,GA,13.69,dense
2023-11,GA,13.16,dense
2023-12,GA,12.72,dense
2024-01,GA,12.27,dense
2024-02,GA,12.92,dense
2024-03,GA,13.49,dense
2024-04,GA,14.04,dense
2024-05,GA,14.86,dense
2024-06,GA,15.48,dense
2024-07,GA,15.16,dense
2024-08,GA,14.83,dense
2024-09,GA,13.63,dense
2024-10,GA,13.92,dense
2024-11,GA,14.23,dense
2024-12,GA,13.46,dense
2025-01,GA,13.5,dense
2025-02,GA,13.56,dense
2025-03,GA,14.69,dense
2025-04,GA,14.82,dense
2025-05,GA,14.98,dense
2025-06,GA,15.96,dense
2025-07,GA,15.56,dense
2025-08,GA,15.43,dense
2025-09,GA,15.3,dense
2025-10,GA,14.53,dense
2025-11,GA,14.42,dense
2025-12,GA,13.67,dense
2026-01,GA,14.46,dense
2026-02,GA,14.13,dense
2026-03,GA,15.01,dense
2026-04,GA,15.37,dense
2026-05,GA,15.84,dense
2015-01,IL,11.45,dense
2015-02,IL,11.88,dense
2015-03,IL,11.94,dense
2015-04,IL,13.31,dense
2015-05,IL,13.26,dense
2015-06,IL,12.58,dense
2015-07,IL,12.56,dense
2015-08,IL,12.52,dense
2015-09,IL,12.8,dense
2015-10,IL,13.58,dense
2015-11,IL,13.27,dense
2015-12,IL,11.82,dense
2016-01,IL,11.77,dense
2016-02,IL,12.27,dense
2016-03,IL,12.88,dense
2016-04,IL,13.09,dense
2016-05,IL,13.61,dense
2016-06,IL,12.54,dense
2016-07,IL,12.35,dense
2016-08,IL,12.24,dense
2016-09,IL,12.53,dense
2016-10,IL,13.03,dense
2016-11,IL,13.14,dense
2016-12,IL,11.95,dense
2017-01,IL,11.55,dense
2017-02,IL,12.51,dense
2017-03,IL,14.02,dense
2017-04,IL,13.59,dense
2017-05,IL,14.09,dense
2017-06,IL,13.14,dense
2017-07,IL,12.29,dense
2017-08,IL,12.83,dense
2017-09,IL,13.09,dense
2017-10,IL,13.12,dense
2017-11,IL,13.67,dense
2017-12,IL,12.58,dense
2018-01,IL,12.74,dense
2018-02,IL,12.48,dense
2018-03,IL,12.93,dense
2018-04,IL,13.27,dense
2018-05,IL,13.39,dense
2018-06,IL,12.75,dense
2018-07,IL,11.96,dense
2018-08,IL,12.52,dense
2018-09,IL,12.43,dense
2018-10,IL,13.49,dense
2018-11,IL,13.46,dense
2018-12,IL,12.53,dense
2019-01,IL,12.38,dense
2019-02,IL,12.67,dense
2019-03,IL,12.99,dense
2019-04,IL,14.32,dense
2019-05,IL,14.32,dense
2019-06,IL,13.42,dense
2019-07,IL,12.14,dense
2019-08,IL,12.71,dense
2019-09,IL,12.69,dense
2019-10,IL,13.86,dense
2019-11,IL,13.51,dense
2019-12,IL,12.79,dense
2020-01,IL,12.84,dense
2020-02,IL,13.01,dense
2020-03,IL,13.41,dense
2020-04,IL,13.96,dense
2020-05,IL,14.29,dense
2020-06,IL,12.9,dense
2020-07,IL,12.18,dense
2020-08,IL,12.56,dense
2020-09,IL,12.68,dense
2020-10,IL,13.99,dense
2020-11,IL,13.64,dense
2020-12,IL,12.52,dense
2021-01,IL,12.23,dense
2021-02,IL,12.19,dense
2021-03,IL,13.82,dense
2021-04,IL,13.98,dense
2021-05,IL,14.18,dense
2021-06,IL,12.83,dense
2021-07,IL,12.68,dense
2021-08,IL,12.85,dense
2021-09,IL,13.02,dense
2021-10,IL,13.98,dense
2021-11,IL,14.33,dense
2021-12,IL,13.4,dense
2022-01,IL,12.92,dense
2022-02,IL,13.83,dense
2022-03,IL,14.57,dense
2022-04,IL,14.98,dense
2022-05,IL,15.02,dense
2022-06,IL,16.58,dense
2022-07,IL,16.36,dense
2022-08,IL,16.73,dense
2022-09,IL,16.81,dense
2022-10,IL,17.02,dense
2022-11,IL,17.04,dense
2022-12,IL,15.98,dense
2023-01,IL,15.99,dense
2023-02,IL,17.03,dense
2023-03,IL,17.38,dense
2023-04,IL,17.82,dense
2023-05,IL,17.86,dense
2023-06,IL,15.08,dense
2023-07,IL,14.81,dense
2023-08,IL,13.74,dense
2023-09,IL,14.7,dense
2023-10,IL,15.75,dense
2023-11,IL,15.65,dense
2023-12,IL,14.84,dense
2024-01,IL,14.77,dense
2024-02,IL,15.6,dense
2024-03,IL,15.95,dense
2024-04,IL,16.51,dense
2024-05,IL,16.52,dense
2024-06,IL,16.01,dense
2024-07,IL,15.19,dense
2024-08,IL,15.62,dense
2024-09,IL,15.8,dense
2024-10,IL,16.48,dense
2024-11,IL,17.06,dense
2024-12,IL,15.96,dense
2025-01,IL,15.78,dense
2025-02,IL,16.47,dense
2025-03,IL,17.55,dense
2025-04,IL,18.28,dense
2025-05,IL,18.58,dense
2025-06,IL,18.29,dense
2025-07,IL,17.22,dense
2025-08,IL,18.06,dense
2025-09,IL,19.05,dense
2025-10,IL,18.74,dense
2025-11,IL,18.31,dense
2025-12,IL,17.07,dense
2026-01,IL,16.36,dense
2026-02,IL,17.83,dense
2026-03,IL,18.86,dense
2026-04,IL,20.47,dense
2026-05,IL,23.85,dense
2015-01,MD,13.0,dense
2015-02,MD,13.06,dense
2015-03,MD,13.07,dense
2015-04,MD,13.67,dense
2015-05,MD,13.57,dense
2015-06,MD,14.58,dense
2015-07,MD,13.85,dense
2015-08,MD,13.84,dense
2015-09,MD,14.01,dense
2015-10,MD,15.23,dense
2015-11,MD,14.89,dense
2015-12,MD,14.59,dense
2016-01,MD,14.04,dense
2016-02,MD,13.99,dense
2016-03,MD,14.37,dense
2016-04,MD,14.37,dense
2016-05,MD,14.7,dense
2016-06,MD,14.62,dense
2016-07,MD,14.07,dense
2016-08,MD,13.82,dense
2016-09,MD,14.02,dense
2016-10,MD,15.17,dense
2016-11,MD,14.31,dense
2016-12,MD,14.0,dense
2017-01,MD,14.22,dense
2017-02,MD,14.33,dense
2017-03,MD,14.13,dense
2017-04,MD,14.3,dense
2017-05,MD,14.52,dense
2017-06,MD,14.19,dense
2017-07,MD,13.56,dense
2017-08,MD,13.9,dense
2017-09,MD,13.9,dense
2017-10,MD,14.37,dense
2017-11,MD,13.32,dense
2017-12,MD,13.23,dense
2018-01,MD,12.95,dense
2018-02,MD,13.41,dense
2018-03,MD,12.97,dense
2018-04,MD,13.36,dense
2018-05,MD,13.33,dense
2018-06,MD,13.83,dense
2018-07,MD,13.44,dense
2018-08,MD,13.05,dense
2018-09,MD,13.28,dense
2018-10,MD,14.18,dense
2018-11,MD,13.1,dense
2018-12,MD,13.09,dense
2019-01,MD,13.07,dense
2019-02,MD,13.4,dense
2019-03,MD,13.44,dense
2019-04,MD,14.24,dense
2019-05,MD,13.48,dense
2019-06,MD,13.25,dense
2019-07,MD,12.52,dense
2019-08,MD,12.45,dense
2019-09,MD,12.82,dense
2019-10,MD,14.05,dense
2019-11,MD,12.78,dense
2019-12,MD,12.85,dense
2020-01,MD,13.41,dense
2020-02,MD,13.35,dense
2020-03,MD,13.58,dense
2020-04,MD,13.2,dense
2020-05,MD,13.21,dense
2020-06,MD,12.83,dense
2020-07,MD,12.22,dense
2020-08,MD,12.47,dense
2020-09,MD,12.93,dense
2020-10,MD,13.82,dense
2020-11,MD,13.25,dense
2020-12,MD,12.72,dense
2021-01,MD,12.6,dense
2021-02,MD,12.47,dense
2021-03,MD,12.78,dense
2021-04,MD,12.96,dense
2021-05,MD,12.88,dense
2021-06,MD,13.07,dense
2021-07,MD,12.95,dense
2021-08,MD,12.89,dense
2021-09,MD,13.28,dense
2021-10,MD,14.5,dense
2021-11,MD,13.65,dense
2021-12,MD,14.07,dense
2022-01,MD,13.38,dense
2022-02,MD,14.04,dense
2022-03,MD,14.14,dense
2022-04,MD,14.11,dense
2022-05,MD,14.17,dense
2022-06,MD,14.61,dense
2022-07,MD,14.22,dense
2022-08,MD,14.24,dense
2022-09,MD,14.55,dense
2022-10,MD,15.84,dense
2022-11,MD,15.37,dense
2022-12,MD,15.53,dense
2023-01,MD,15.98,dense
2023-02,MD,16.22,dense
2023-03,MD,15.85,dense
2023-04,MD,15.92,dense
2023-05,MD,16.08,dense
2023-06,MD,17.0,dense
2023-07,MD,16.02,dense
2023-08,MD,16.39,dense
2023-09,MD,16.95,dense
2023-10,MD,18.38,dense
2023-11,MD,17.38,dense
2023-12,MD,17.46,dense
2024-01,MD,17.45,dense
2024-02,MD,17.58,dense
2024-03,MD,18.07,dense
2024-04,MD,17.85,dense
2024-05,MD,17.62,dense
2024-06,MD,17.41,dense
2024-07,MD,17.24,dense
2024-08,MD,17.83,dense
2024-09,MD,18.36,dense
2024-10,MD,19.21,dense
2024-11,MD,18.4,dense
2024-12,MD,18.13,dense
2025-01,MD,18.24,dense
2025-02,MD,18.3,dense
2025-03,MD,18.94,dense
2025-04,MD,19.05,dense
2025-05,MD,19.0,dense
2025-06,MD,19.29,dense
2025-07,MD,18.83,dense
2025-08,MD,19.83,dense
2025-09,MD,21.05,dense
2025-10,MD,22.3,dense
2025-11,MD,21.34,dense
2025-12,MD,19.57,dense
2026-01,MD,20.61,dense
2026-02,MD,20.08,dense
2026-03,MD,35.85,dense
2026-04,MD,22.07,dense
2026-05,MD,21.77,dense
2015-01,MT,10.67,control
2015-02,MT,10.26,control
2015-03,MT,10.57,control
2015-04,MT,10.85,control
2015-05,MT,11.18,control
2015-06,MT,11.5,control
2015-07,MT,11.34,control
2015-08,MT,11.22,control
2015-09,MT,11.35,control
2015-10,MT,11.19,control
2015-11,MT,10.79,control
2015-12,MT,10.35,control
2016-01,MT,10.11,control
2016-02,MT,10.39,control
2016-03,MT,10.81,control
2016-04,MT,10.95,control
2016-05,MT,11.31,control
2016-06,MT,11.47,control
2016-07,MT,11.48,control
2016-08,MT,11.39,control
2016-09,MT,11.51,control
2016-10,MT,11.21,control
2016-11,MT,10.95,control
2016-12,MT,10.54,control
2017-01,MT,10.48,control
2017-02,MT,10.48,control
2017-03,MT,10.59,control
2017-04,MT,10.83,control
2017-05,MT,11.14,control
2017-06,MT,11.53,control
2017-07,MT,11.41,control
2017-08,MT,11.3,control
2017-09,MT,11.55,control
2017-10,MT,11.23,control
2017-11,MT,10.9,control
2017-12,MT,10.78,control
2018-01,MT,10.5,control
2018-02,MT,10.5,control
2018-03,MT,10.65,control
2018-04,MT,10.82,control
2018-05,MT,11.21,control
2018-06,MT,11.58,control
2018-07,MT,11.49,control
2018-08,MT,11.29,control
2018-09,MT,11.55,control
2018-10,MT,11.24,control
2018-11,MT,10.85,control
2018-12,MT,10.72,control
2019-01,MT,10.59,control
2019-02,MT,10.5,control
2019-03,MT,10.56,control
2019-04,MT,11.0,control
2019-05,MT,11.41,control
2019-06,MT,11.78,control
2019-07,MT,11.74,control
2019-08,MT,11.66,control
2019-09,MT,11.8,control
2019-10,MT,11.45,control
2019-11,MT,11.18,control
2019-12,MT,11.03,control
2020-01,MT,10.89,control
2020-02,MT,11.03,control
2020-03,MT,11.05,control
2020-04,MT,10.98,control
2020-05,MT,11.39,control
2020-06,MT,11.68,control
2020-07,MT,11.76,control
2020-08,MT,11.66,control
2020-09,MT,11.76,control
2020-10,MT,11.55,control
2020-11,MT,10.98,control
2020-12,MT,10.76,control
2021-01,MT,10.7,control
2021-02,MT,10.66,control
2021-03,MT,10.91,control
2021-04,MT,11.06,control
2021-05,MT,11.28,control
2021-06,MT,11.5,control
2021-07,MT,11.54,control
2021-08,MT,11.61,control
2021-09,MT,11.82,control
2021-10,MT,11.71,control
2021-11,MT,11.38,control
2021-12,MT,11.12,control
2022-01,MT,10.63,control
2022-02,MT,10.38,control
2022-03,MT,10.71,control
2022-04,MT,10.96,control
2022-05,MT,11.17,control
2022-06,MT,11.56,control
2022-07,MT,11.66,control
2022-08,MT,11.53,control
2022-09,MT,11.7,control
2022-10,MT,12.42,control
2022-11,MT,12.23,control
2022-12,MT,11.77,control
2023-01,MT,11.89,control
2023-02,MT,11.96,control
2023-03,MT,12.13,control
2023-04,MT,12.26,control
2023-05,MT,12.79,control
2023-06,MT,13.16,control
2023-07,MT,13.07,control
2023-08,MT,12.93,control
2023-09,MT,13.15,control
2023-10,MT,12.93,control
2023-11,MT,12.58,control
2023-12,MT,12.58,control
2024-01,MT,11.97,control
2024-02,MT,11.95,control
2024-03,MT,12.2,control
2024-04,MT,12.5,control
2024-05,MT,13.24,control
2024-06,MT,13.56,control
2024-07,MT,13.42,control
2024-08,MT,13.28,control
2024-09,MT,13.45,control
2024-10,MT,13.32,control
2024-11,MT,12.51,control
2024-12,MT,11.88,control
2025-01,MT,11.38,control
2025-02,MT,11.6,control
2025-03,MT,11.93,control
2025-04,MT,12.31,control
2025-05,MT,12.88,control
2025-06,MT,14.81,control
2025-07,MT,14.27,control
2025-08,MT,14.28,control
2025-09,MT,14.64,control
2025-10,MT,14.27,control
2025-11,MT,12.82,control
2025-12,MT,12.77,control
2026-01,MT,12.86,control
2026-02,MT,13.33,control
2026-03,MT,13.48,control
2026-04,MT,13.9,control
2026-05,MT,14.67,control
2015-01,ND,8.24,control
2015-02,ND,8.61,control
2015-03,ND,8.67,control
2015-04,ND,9.99,control
2015-05,ND,10.33,control
2015-06,ND,11.43,control
2015-07,ND,10.99,control
2015-08,ND,11.0,control
2015-09,ND,11.03,control
2015-10,ND,10.43,control
2015-11,ND,9.19,control
2015-12,ND,8.73,control
2016-01,ND,8.52,control
2016-02,ND,9.34,control
2016-03,ND,9.74,control
2016-04,ND,10.45,control
2016-05,ND,10.99,control
2016-06,ND,11.29,control
2016-07,ND,11.17,control
2016-08,ND,11.29,control
2016-09,ND,11.78,control
2016-10,ND,10.8,control
2016-11,ND,10.26,control
2016-12,ND,9.14,control
2017-01,ND,8.89,control
2017-02,ND,9.37,control
2017-03,ND,9.46,control
2017-04,ND,10.3,control
2017-05,ND,11.27,control
2017-06,ND,12.19,control
2017-07,ND,11.57,control
2017-08,ND,12.07,control
2017-09,ND,12.02,control
2017-10,ND,10.94,control
2017-11,ND,9.6,control
2017-12,ND,9.33,control
2018-01,ND,8.92,control
2018-02,ND,9.08,control
2018-03,ND,9.56,control
2018-04,ND,9.94,control
2018-05,ND,11.15,control
2018-06,ND,11.92,control
2018-07,ND,11.72,control
2018-08,ND,11.8,control
2018-09,ND,12.09,control
2018-10,ND,10.73,control
2018-11,ND,9.82,control
2018-12,ND,9.45,control
2019-01,ND,9.11,control
2019-02,ND,8.98,control
2019-03,ND,9.46,control
2019-04,ND,10.54,control
2019-05,ND,11.31,control
2019-06,ND,12.36,control
2019-07,ND,12.22,control
2019-08,ND,11.95,control
2019-09,ND,12.34,control
2019-10,ND,10.44,control
2019-11,ND,9.8,control
2019-12,ND,9.18,control
2020-01,ND,8.98,control
2020-02,ND,9.25,control
2020-03,ND,9.95,control
2020-04,ND,10.15,control
2020-05,ND,11.21,control
2020-06,ND,12.01,control
2020-07,ND,11.82,control
2020-08,ND,11.84,control
2020-09,ND,12.29,control
2020-10,ND,10.66,control
2020-11,ND,10.22,control
2020-12,ND,9.35,control
2021-01,ND,9.47,control
2021-02,ND,9.47,control
2021-03,ND,10.2,control
2021-04,ND,10.82,control
2021-05,ND,11.96,control
2021-06,ND,12.23,control
2021-07,ND,12.25,control
2021-08,ND,11.99,control
2021-09,ND,12.83,control
2021-10,ND,11.63,control
2021-11,ND,10.91,control
2021-12,ND,9.36,control
2022-01,ND,9.45,control
2022-02,ND,9.66,control
2022-03,ND,10.03,control
2022-04,ND,10.5,control
2022-05,ND,11.92,control
2022-06,ND,13.14,control
2022-07,ND,12.56,control
2022-08,ND,12.76,control
2022-09,ND,13.06,control
2022-10,ND,11.75,control
2022-11,ND,10.58,control
2022-12,ND,9.63,control
2023-01,ND,9.95,control
2023-02,ND,10.01,control
2023-03,ND,9.75,control
2023-04,ND,10.28,control
2023-05,ND,11.75,control
2023-06,ND,12.35,control
2023-07,ND,12.63,control
2023-08,ND,12.55,control
2023-09,ND,12.83,control
2023-10,ND,11.71,control
2023-11,ND,10.77,control
2023-12,ND,10.27,control
2024-01,ND,9.95,control
2024-02,ND,10.53,control
2024-03,ND,10.51,control
2024-04,ND,11.4,control
2024-05,ND,13.1,control
2024-06,ND,13.67,control
2024-07,ND,12.94,control
2024-08,ND,12.73,control
2024-09,ND,12.85,control
2024-10,ND,12.08,control
2024-11,ND,11.31,control
2024-12,ND,10.23,control
2025-01,ND,9.95,control
2025-02,ND,10.23,control
2025-03,ND,11.11,control
2025-04,ND,11.72,control
2025-05,ND,13.1,control
2025-06,ND,13.71,control
2025-07,ND,13.31,control
2025-08,ND,12.97,control
2025-09,ND,13.66,control
2025-10,ND,12.82,control
2025-11,ND,11.93,control
2025-12,ND,11.02,control
2026-01,ND,10.92,control
2026-02,ND,11.64,control
2026-03,ND,11.95,control
2026-04,ND,12.35,control
2026-05,ND,13.61,control
2015-01,OH,12.22,dense
2015-02,OH,12.2,dense
2015-03,OH,12.33,dense
2015-04,OH,12.73,dense
2015-05,OH,13.06,dense
2015-06,OH,13.18,dense
2015-07,OH,13.42,dense
2015-08,OH,13.23,dense
2015-09,OH,12.71,dense
2015-10,OH,13.03,dense
2015-11,OH,13.11,dense
2015-12,OH,12.74,dense
2016-01,OH,12.22,dense
2016-02,OH,12.23,dense
2016-03,OH,12.66,dense
2016-04,OH,12.93,dense
2016-05,OH,13.19,dense
2016-06,OH,12.66,dense
2016-07,OH,12.45,dense
2016-08,OH,12.4,dense
2016-09,OH,12.13,dense
2016-10,OH,12.52,dense
2016-11,OH,12.42,dense
2016-12,OH,12.28,dense
2017-01,OH,11.81,dense
2017-02,OH,12.43,dense
2017-03,OH,12.59,dense
2017-04,OH,12.79,dense
2017-05,OH,12.84,dense
2017-06,OH,12.93,dense
2017-07,OH,12.84,dense
2017-08,OH,12.87,dense
2017-09,OH,12.95,dense
2017-10,OH,12.81,dense
2017-11,OH,12.71,dense
2017-12,OH,12.24,dense
2018-01,OH,12.04,dense
2018-02,OH,12.52,dense
2018-03,OH,12.74,dense
2018-04,OH,12.86,dense
2018-05,OH,13.0,dense
2018-06,OH,12.84,dense
2018-07,OH,12.91,dense
2018-08,OH,12.9,dense
2018-09,OH,11.63,dense
2018-10,OH,12.71,dense
2018-11,OH,12.57,dense
2018-12,OH,12.21,dense
2019-01,OH,12.18,dense
2019-02,OH,12.1,dense
2019-03,OH,12.34,dense
2019-04,OH,12.7,dense
2019-05,OH,13.13,dense
2019-06,OH,12.93,dense
2019-07,OH,12.55,dense
2019-08,OH,12.67,dense
2019-09,OH,12.08,dense
2019-10,OH,12.06,dense
2019-11,OH,12.21,dense
2019-12,OH,11.8,dense
2020-01,OH,11.96,dense
2020-02,OH,11.82,dense
2020-03,OH,12.16,dense
2020-04,OH,12.63,dense
2020-05,OH,12.6,dense
2020-06,OH,12.23,dense
2020-07,OH,12.26,dense
2020-08,OH,12.27,dense
2020-09,OH,12.34,dense
2020-10,OH,13.0,dense
2020-11,OH,12.57,dense
2020-12,OH,12.01,dense
2021-01,OH,11.81,dense
2021-02,OH,11.64,dense
2021-03,OH,12.38,dense
2021-04,OH,13.11,dense
2021-05,OH,12.99,dense
2021-06,OH,13.31,dense
2021-07,OH,13.08,dense
2021-08,OH,13.03,dense
2021-09,OH,13.14,dense
2021-10,OH,13.28,dense
2021-11,OH,13.06,dense
2021-12,OH,12.81,dense
2022-01,OH,12.4,dense
2022-02,OH,12.52,dense
2022-03,OH,12.72,dense
2022-04,OH,13.01,dense
2022-05,OH,13.54,dense
2022-06,OH,14.15,dense
2022-07,OH,14.66,dense
2022-08,OH,14.87,dense
2022-09,OH,14.94,dense
2022-10,OH,15.08,dense
2022-11,OH,14.63,dense
2022-12,OH,13.97,dense
2023-01,OH,14.3,dense
2023-02,OH,14.62,dense
2023-03,OH,14.89,dense
2023-04,OH,15.01,dense
2023-05,OH,15.63,dense
2023-06,OH,16.29,dense
2023-07,OH,15.73,dense
2023-08,OH,15.63,dense
2023-09,OH,15.59,dense
2023-10,OH,15.89,dense
2023-11,OH,15.65,dense
2023-12,OH,15.57,dense
2024-01,OH,15.47,dense
2024-02,OH,15.67,dense
2024-03,OH,16.2,dense
2024-04,OH,16.66,dense
2024-05,OH,16.56,dense
2024-06,OH,15.83,dense
2024-07,OH,15.78,dense
2024-08,OH,15.73,dense
2024-09,OH,15.75,dense
2024-10,OH,16.57,dense
2024-11,OH,16.47,dense
2024-12,OH,15.88,dense
2025-01,OH,15.62,dense
2025-02,OH,15.83,dense
2025-03,OH,16.1,dense
2025-04,OH,16.32,dense
2025-05,OH,17.09,dense
2025-06,OH,17.5,dense
2025-07,OH,17.38,dense
2025-08,OH,17.59,dense
2025-09,OH,17.61,dense
2025-10,OH,17.85,dense
2025-11,OH,17.66,dense
2025-12,OH,17.31,dense
2026-01,OH,17.59,dense
2026-02,OH,17.52,dense
2026-03,OH,18.78,dense
2026-04,OH,19.49,dense
2026-05,OH,19.52,dense
2015-01,US,12.1,national
2015-02,US,12.29,national
2015-03,US,12.33,national
2015-04,US,12.62,national
2015-05,US,12.93,national
2015-06,US,12.92,national
2015-07,US,12.94,national
2015-08,US,12.91,national
2015-09,US,13.03,national
2015-10,US,12.72,national
2015-11,US,12.71,national
2015-12,US,12.32,national
2016-01,US,11.99,national
2016-02,US,12.14,national
2016-03,US,12.56,national
2016-04,US,12.43,national
2016-05,US,12.79,national
2016-06,US,12.73,national
2016-07,US,12.68,national
2016-08,US,12.88,national
2016-09,US,12.87,national
2016-10,US,12.46,national
2016-11,US,12.75,national
2016-12,US,12.23,national
2017-01,US,12.21,national
2017-02,US,12.79,national
2017-03,US,12.89,national
2017-04,US,12.72,national
2017-05,US,13.07,national
2017-06,US,13.2,national
2017-07,US,13.08,national
2017-08,US,13.15,national
2017-09,US,13.28,national
2017-10,US,12.8,national
2017-11,US,12.94,national
2017-12,US,12.45,national
2018-01,US,12.22,national
2018-02,US,12.63,national
2018-03,US,12.97,national
2018-04,US,12.88,national
2018-05,US,13.12,national
2018-06,US,13.03,national
2018-07,US,13.13,national
2018-08,US,13.26,national
2018-09,US,13.01,national
2018-10,US,12.85,national
2018-11,US,12.9,national
2018-12,US,12.43,national
2019-01,US,12.47,national
2019-02,US,12.72,national
2019-03,US,12.84,national
2019-04,US,13.25,national
2019-05,US,13.31,national
2019-06,US,13.32,national
2019-07,US,13.26,national
2019-08,US,13.3,national
2019-09,US,13.16,national
2019-10,US,12.81,national
2019-11,US,13.03,national
2019-12,US,12.68,national
2020-01,US,12.76,national
2020-02,US,12.82,national
2020-03,US,13.04,national
2020-04,US,13.24,national
2020-05,US,13.1,national
2020-06,US,13.22,national
2020-07,US,13.21,national
2020-08,US,13.26,national
2020-09,US,13.49,national
2020-10,US,13.66,national
2020-11,US,13.31,national
2020-12,US,12.78,national
2021-01,US,12.62,national
2021-02,US,13.01,national
2021-03,US,13.24,national
2021-04,US,13.73,national
2021-05,US,13.86,national
2021-06,US,13.83,national
2021-07,US,13.83,national
2021-08,US,13.92,national
2021-09,US,14.14,national
2021-10,US,14.06,national
2021-11,US,14.07,national
2021-12,US,13.72,national
2022-01,US,13.64,national
2022-02,US,13.76,national
2022-03,US,14.41,national
2022-04,US,14.57,national
2022-05,US,14.89,national
2022-06,US,15.3,national
2022-07,US,15.31,national
2022-08,US,15.82,national
2022-09,US,16.19,national
2022-10,US,15.99,national
2022-11,US,15.55,national
2022-12,US,14.94,national
2023-01,US,15.47,national
2023-02,US,15.98,national
2023-03,US,16.04,national
2023-04,US,16.1,national
2023-05,US,16.14,national
2023-06,US,16.09,national
2023-07,US,15.86,national
2023-08,US,15.91,national
2023-09,US,16.27,national
2023-10,US,16.48,national
2023-11,US,16.19,national
2023-12,US,15.69,national
2024-01,US,15.41,national
2024-02,US,16.1,national
2024-03,US,16.67,national
2024-04,US,16.86,national
2024-05,US,16.4,national
2024-06,US,16.38,national
2024-07,US,16.62,national
2024-08,US,16.6,national
2024-09,US,16.82,national
2024-10,US,17.09,national
2024-11,US,16.85,national
2024-12,US,16.27,national
2025-01,US,15.94,national
2025-02,US,16.43,national
2025-03,US,17.09,national
2025-04,US,17.55,national
2025-05,US,17.37,national
2025-06,US,17.47,national
2025-07,US,17.45,national
2025-08,US,17.61,national
2025-09,US,18.08,national
2025-10,US,17.97,national
2025-11,US,17.78,national
2025-12,US,17.24,national
2026-01,US,17.45,national
2026-02,US,17.65,national
2026-03,US,18.83,national
2026-04,US,18.83,national
2026-05,US,18.44,national
2015-01,VA,10.81,dense
2015-02,VA,11.04,dense
2015-03,VA,10.94,dense
2015-04,VA,11.42,dense
2015-05,VA,11.64,dense
2015-06,VA,11.82,dense
2015-07,VA,11.66,dense
2015-08,VA,11.7,dense
2015-09,VA,11.85,dense
2015-10,VA,11.53,dense
2015-11,VA,11.47,dense
2015-12,VA,10.96,dense
2016-01,VA,10.59,dense
2016-02,VA,10.84,dense
2016-03,VA,11.12,dense
2016-04,VA,11.93,dense
2016-05,VA,11.96,dense
2016-06,VA,12.16,dense
2016-07,VA,11.63,dense
2016-08,VA,11.66,dense
2016-09,VA,11.64,dense
2016-10,VA,11.17,dense
2016-11,VA,11.45,dense
2016-12,VA,10.67,dense
2017-01,VA,10.41,dense
2017-02,VA,11.15,dense
2017-03,VA,11.53,dense
2017-04,VA,11.55,dense
2017-05,VA,11.95,dense
2017-06,VA,11.96,dense
2017-07,VA,12.18,dense
2017-08,VA,12.18,dense
2017-09,VA,12.03,dense
2017-10,VA,11.79,dense
2017-11,VA,11.47,dense
2017-12,VA,10.76,dense
2018-01,VA,10.88,dense
2018-02,VA,11.41,dense
2018-03,VA,11.67,dense
2018-04,VA,11.79,dense
2018-05,VA,12.22,dense
2018-06,VA,12.33,dense
2018-07,VA,12.26,dense
2018-08,VA,12.27,dense
2018-09,VA,12.01,dense
2018-10,VA,11.84,dense
2018-11,VA,11.6,dense
2018-12,VA,10.97,dense
2019-01,VA,11.48,dense
2019-02,VA,11.55,dense
2019-03,VA,11.78,dense
2019-04,VA,12.44,dense
2019-05,VA,12.46,dense
2019-06,VA,12.56,dense
2019-07,VA,12.16,dense
2019-08,VA,12.44,dense
2019-09,VA,12.14,dense
2019-10,VA,12.39,dense
2019-11,VA,12.12,dense
2019-12,VA,11.73,dense
2020-01,VA,11.63,dense
2020-02,VA,12.07,dense
2020-03,VA,12.21,dense
2020-04,VA,12.67,dense
2020-05,VA,12.3,dense
2020-06,VA,12.31,dense
2020-07,VA,12.21,dense
2020-08,VA,12.27,dense
2020-09,VA,12.02,dense
2020-10,VA,12.41,dense
2020-11,VA,11.59,dense
2020-12,VA,11.17,dense
2021-01,VA,10.89,dense
2021-02,VA,11.24,dense
2021-03,VA,11.55,dense
2021-04,VA,12.66,dense
2021-05,VA,12.06,dense
2021-06,VA,12.41,dense
2021-07,VA,12.53,dense
2021-08,VA,12.71,dense
2021-09,VA,12.33,dense
2021-10,VA,12.37,dense
2021-11,VA,11.81,dense
2021-12,VA,11.71,dense
2022-01,VA,11.97,dense
2022-02,VA,11.93,dense
2022-03,VA,12.37,dense
2022-04,VA,12.66,dense
2022-05,VA,12.82,dense
2022-06,VA,13.32,dense
2022-07,VA,14.23,dense
2022-08,VA,14.14,dense
2022-09,VA,14.58,dense
2022-10,VA,14.41,dense
2022-11,VA,14.32,dense
2022-12,VA,13.81,dense
2023-01,VA,13.96,dense
2023-02,VA,14.32,dense
2023-03,VA,14.67,dense
2023-04,VA,14.58,dense
2023-05,VA,15.19,dense
2023-06,VA,15.13,dense
2023-07,VA,13.88,dense
2023-08,VA,13.85,dense
2023-09,VA,14.69,dense
2023-10,VA,14.16,dense
2023-11,VA,13.93,dense
2023-12,VA,13.54,dense
2024-01,VA,13.33,dense
2024-02,VA,13.8,dense
2024-03,VA,14.54,dense
2024-04,VA,14.78,dense
2024-05,VA,14.81,dense
2024-06,VA,15.1,dense
2024-07,VA,14.17,dense
2024-08,VA,14.17,dense
2024-09,VA,15.24,dense
2024-10,VA,14.79,dense
2024-11,VA,14.73,dense
2024-12,VA,14.37,dense
2025-01,VA,13.94,dense
2025-02,VA,14.22,dense
2025-03,VA,14.89,dense
2025-04,VA,15.28,dense
2025-05,VA,15.26,dense
2025-06,VA,15.23,dense
2025-07,VA,15.78,dense
2025-08,VA,15.83,dense
2025-09,VA,16.62,dense
2025-10,VA,16.36,dense
2025-11,VA,15.94,dense
2025-12,VA,15.27,dense
2026-01,VA,15.87,dense
2026-02,VA,15.96,dense
2026-03,VA,17.05,dense
2026-04,VA,17.38,dense
2026-05,VA,17.61,dense
2015-01,VT,16.5,other
2015-02,VT,16.56,other
2015-03,VT,16.68,other
2015-04,VT,17.25,other
2015-05,VT,17.5,other
2015-06,VT,17.41,other
2015-07,VT,17.08,other
2015-08,VT,17.13,other
2015-09,VT,17.27,other
2015-10,VT,17.44,other
2015-11,VT,17.67,other
2015-12,VT,17.19,other
2016-01,VT,16.65,other
2016-02,VT,16.93,other
2016-03,VT,17.14,other
2016-04,VT,17.54,other
2016-05,VT,17.82,other
2016-06,VT,17.6,other
2016-07,VT,17.33,other
2016-08,VT,17.31,other
2016-09,VT,17.58,other
2016-10,VT,17.82,other
2016-11,VT,17.88,other
2016-12,VT,17.26,other
2017-01,VT,17.07,other
2017-02,VT,17.53,other
2017-03,VT,17.4,other
2017-04,VT,17.73,other
2017-05,VT,18.12,other
2017-06,VT,18.03,other
2017-07,VT,17.76,other
2017-08,VT,17.74,other
2017-09,VT,17.92,other
2017-10,VT,17.97,other
2017-11,VT,17.9,other
2017-12,VT,17.36,other
2018-01,VT,17.4,other
2018-02,VT,18.08,other
2018-03,VT,17.63,other
2018-04,VT,17.95,other
2018-05,VT,18.38,other
2018-06,VT,18.53,other
2018-07,VT,17.89,other
2018-08,VT,17.96,other
2018-09,VT,18.0,other
2018-10,VT,18.47,other
2018-11,VT,18.27,other
2018-12,VT,18.1,other
2019-01,VT,16.78,other
2019-02,VT,16.71,other
2019-03,VT,17.08,other
2019-04,VT,17.22,other
2019-05,VT,17.41,other
2019-06,VT,17.54,other
2019-07,VT,17.21,other
2019-08,VT,16.71,other
2019-09,VT,17.09,other
2019-10,VT,20.21,other
2019-11,VT,19.82,other
2019-12,VT,19.23,other
2020-01,VT,19.35,other
2020-02,VT,19.47,other
2020-03,VT,19.66,other
2020-04,VT,19.58,other
2020-05,VT,19.78,other
2020-06,VT,19.72,other
2020-07,VT,19.06,other
2020-08,VT,19.24,other
2020-09,VT,19.87,other
2020-10,VT,20.17,other
2020-11,VT,19.76,other
2020-12,VT,19.13,other
2021-01,VT,18.39,other
2021-02,VT,18.39,other
2021-03,VT,18.71,other
2021-04,VT,19.46,other
2021-05,VT,19.57,other
2021-06,VT,19.34,other
2021-07,VT,18.97,other
2021-08,VT,19.1,other
2021-09,VT,19.54,other
2021-10,VT,20.55,other
2021-11,VT,20.13,other
2021-12,VT,19.58,other
2022-01,VT,19.17,other
2022-02,VT,19.0,other
2022-03,VT,19.61,other
2022-04,VT,20.02,other
2022-05,VT,20.25,other
2022-06,VT,20.16,other
2022-07,VT,19.89,other
2022-08,VT,19.85,other
2022-09,VT,20.42,other
2022-10,VT,20.91,other
2022-11,VT,20.74,other
2022-12,VT,19.94,other
2023-01,VT,19.96,other
2023-02,VT,20.28,other
2023-03,VT,20.38,other
2023-04,VT,20.75,other
2023-05,VT,21.03,other
2023-06,VT,21.0,other
2023-07,VT,20.45,other
2023-08,VT,20.47,other
2023-09,VT,21.21,other
2023-10,VT,22.11,other
2023-11,VT,21.57,other
2023-12,VT,21.09,other
2024-01,VT,20.8,other
2024-02,VT,21.06,other
2024-03,VT,21.56,other
2024-04,VT,21.7,other
2024-05,VT,22.15,other
2024-06,VT,21.76,other
2024-07,VT,21.1,other
2024-08,VT,21.26,other
2024-09,VT,22.46,other
2024-10,VT,23.04,other
2024-11,VT,25.16,other
2024-12,VT,22.05,other
2025-01,VT,21.74,other
2025-02,VT,21.99,other
2025-03,VT,22.38,other
2025-04,VT,22.97,other
2025-05,VT,23.75,other
2025-06,VT,23.0,other
2025-07,VT,22.14,other
2025-08,VT,22.27,other
2025-09,VT,23.92,other
2025-10,VT,24.78,other
2025-11,VT,24.17,other
2025-12,VT,23.22,other
2026-01,VT,23.29,other
2026-02,VT,23.27,other
2026-03,VT,24.11,other
2026-04,VT,24.56,other
2026-05,VT,24.89,other
2015-01,WY,10.27,control
2015-02,WY,10.43,control
2015-03,WY,10.57,control
2015-04,WY,10.8,control
2015-05,WY,11.3,control
2015-06,WY,11.36,control
2015-07,WY,11.64,control
2015-08,WY,11.5,control
2015-09,WY,11.53,control
2015-10,WY,11.56,control
2015-11,WY,11.11,control
2015-12,WY,10.54,control
2016-01,WY,10.42,control
2016-02,WY,10.57,control
2016-03,WY,10.8,control
2016-04,WY,10.96,control
2016-05,WY,11.45,control
2016-06,WY,11.76,control
2016-07,WY,11.84,control
2016-08,WY,11.71,control
2016-09,WY,11.75,control
2016-10,WY,11.5,control
2016-11,WY,11.26,control
2016-12,WY,10.68,control
2017-01,WY,10.54,control
2017-02,WY,10.74,control
2017-03,WY,10.87,control
2017-04,WY,11.53,control
2017-05,WY,11.68,control
2017-06,WY,12.16,control
2017-07,WY,12.11,control
2017-08,WY,12.04,control
2017-09,WY,12.2,control
2017-10,WY,11.56,control
2017-11,WY,11.13,control
2017-12,WY,11.13,control
2018-01,WY,10.76,control
2018-02,WY,10.79,control
2018-03,WY,10.98,control
2018-04,WY,11.22,control
2018-05,WY,11.91,control
2018-06,WY,12.23,control
2018-07,WY,11.97,control
2018-08,WY,11.75,control
2018-09,WY,12.17,control
2018-10,WY,11.0,control
2018-11,WY,10.98,control
2018-12,WY,10.77,control
2019-01,WY,10.53,control
2019-02,WY,10.57,control
2019-03,WY,10.78,control
2019-04,WY,11.15,control
2019-05,WY,11.51,control
2019-06,WY,11.82,control
2019-07,WY,11.83,control
2019-08,WY,11.9,control
2019-09,WY,12.03,control
2019-10,WY,11.42,control
2019-11,WY,10.93,control
2019-12,WY,10.76,control
2020-01,WY,10.42,control
2020-02,WY,10.52,control
2020-03,WY,10.63,control
2020-04,WY,10.96,control
2020-05,WY,11.44,control
2020-06,WY,11.73,control
2020-07,WY,11.81,control
2020-08,WY,11.65,control
2020-09,WY,11.83,control
2020-10,WY,11.7,control
2020-11,WY,11.05,control
2020-12,WY,10.59,control
2021-01,WY,10.44,control
2021-02,WY,10.84,control
2021-03,WY,10.76,control
2021-04,WY,11.08,control
2021-05,WY,11.41,control
2021-06,WY,12.03,control
2021-07,WY,11.69,control
2021-08,WY,11.61,control
2021-09,WY,12.01,control
2021-10,WY,11.66,control
2021-11,WY,10.93,control
2021-12,WY,10.6,control
2022-01,WY,10.27,control
2022-02,WY,10.31,control
2022-03,WY,10.67,control
2022-04,WY,11.05,control
2022-05,WY,11.5,control
2022-06,WY,11.74,control
2022-07,WY,11.8,control
2022-08,WY,11.89,control
2022-09,WY,11.94,control
2022-10,WY,12.0,control
2022-11,WY,11.05,control
2022-12,WY,10.38,control
2023-01,WY,10.24,control
2023-02,WY,10.26,control
2023-03,WY,10.68,control
2023-04,WY,11.19,control
2023-05,WY,11.9,control
2023-06,WY,12.53,control
2023-07,WY,12.49,control
2023-08,WY,12.45,control
2023-09,WY,12.64,control
2023-10,WY,12.49,control
2023-11,WY,11.59,control
2023-12,WY,11.32,control
2024-01,WY,10.98,control
2024-02,WY,11.56,control
2024-03,WY,11.65,control
2024-04,WY,12.17,control
2024-05,WY,12.78,control
2024-06,WY,12.87,control
2024-07,WY,13.42,control
2024-08,WY,13.77,control
2024-09,WY,13.91,control
2024-10,WY,14.05,control
2024-11,WY,12.75,control
2024-12,WY,11.77,control
2025-01,WY,11.69,control
2025-02,WY,11.7,control
2025-03,WY,12.41,control
2025-04,WY,13.05,control
2025-05,WY,13.82,control
2025-06,WY,14.89,control
2025-07,WY,14.64,control
2025-08,WY,14.37,control
2025-09,WY,15.0,control
2025-10,WY,15.11,control
2025-11,WY,13.91,control
2025-12,WY,12.83,control
2026-01,WY,12.85,control
2026-02,WY,13.04,control
2026-03,WY,13.59,control
2026-04,WY,14.68,control
2026-05,WY,14.8,control
