calendar_quarter,company,fiscal_period_end,capex_usd,ocf_usd,fcf_usd,capex_to_ocf_ratio
2015Q1,AMZN,2015-03-31,871000000,-1499000000,-2370000000,-0.5811
2015Q1,GOOGL,2015-03-31,2927000000,6722000000,3795000000,0.4354
2015Q1,META,2015-03-31,502000000,1700000000,1198000000,0.2953
2015Q2,AMZN,2015-06-30,1213000000,1997000000,784000000,0.6074
2015Q2,GOOGL,2015-06-30,2515000000,7096000000,4581000000,0.3544
2015Q2,META,2015-06-30,549000000,1880000000,1331000000,0.292
2015Q3,AMZN,2015-09-30,1195000000,2610000000,1415000000,0.4579
2015Q3,GOOGL,2015-09-30,2383000000,354000000,-2029000000,6.7316
2015Q3,META,2015-09-30,780000000,2192000000,1412000000,0.3558
2015Q4,AMZN,2015-12-31,1309000000,119000000,-1190000000,11.0
2015Q4,GOOGL,2015-12-31,35000000,548000000,513000000,0.0639
2015Q4,META,2015-12-31,692000000,1721000000,1029000000,0.4021
2016Q1,AMZN,2016-03-31,1179000000,207000000,-972000000,5.6957
2016Q1,GOOGL,2016-03-31,16000000,7658000000,7642000000,0.0021
2016Q1,META,2016-03-31,1132000000,494000000,-638000000,2.2915
2016Q2,AMZN,2016-06-30,1711000000,113000000,-1598000000,15.1416
2016Q2,GOOGL,2016-06-30,13000000,9120000000,9107000000,0.0014
2016Q2,META,2016-06-30,995000000,961000000,-34000000,1.0354
2016Q2,MSFT,2016-06-30,2655000000,33325000000,30670000000,0.0797
2016Q2,ORCL,2016-05-31,180000000,13685000000,13505000000,0.0132
2016Q3,AMZN,2016-09-30,1841000000,173000000,-1668000000,10.6416
2016Q3,GOOGL,2016-09-30,2554000000,9845000000,7291000000,0.2594
2016Q3,META,2016-09-30,1095000000,1420000000,325000000,0.7711
2016Q4,AMZN,2016-12-31,2006000000,-69000000,-2075000000,-29.0725
2016Q4,GOOGL,2016-12-31,3078000000,9413000000,6335000000,0.327
2016Q4,META,2016-12-31,1269000000,4930000000,3661000000,0.2574
2016Q4,MSFT,2016-12-31,1988000000,6293000000,4305000000,0.3159
2017Q1,AMZN,2017-03-31,1861000000,-29000000,-1890000000,-64.1724
2017Q1,GOOGL,2017-03-31,2508000000,9548000000,7040000000,0.2627
2017Q1,META,2017-03-31,1271000000,5058000000,3787000000,0.2513
2017Q1,MSFT,2017-03-31,1695000000,10660000000,8965000000,0.159
2017Q2,GOOGL,2017-06-30,2831000000,7403000000,4572000000,0.3824
2017Q2,META,2017-06-30,1444000000,5360000000,3916000000,0.2694
2017Q2,MSFT,2017-06-30,2283000000,11005000000,8722000000,0.2075
2017Q2,ORCL,2017-05-31,525000000,14126000000,13601000000,0.0372
2017Q3,AMZN,2017-09-30,3074000000,-74000000,-3148000000,-41.5405
2017Q3,GOOGL,2017-09-30,3538000000,9872000000,6334000000,0.3584
2017Q3,META,2017-09-30,1755000000,6127000000,4372000000,0.2864
2017Q3,MSFT,2017-09-30,2132000000,12440000000,10308000000,0.1714
2017Q3,ORCL,2017-08-31,473000000,6566000000,6093000000,0.072
2017Q4,AMZN,2017-12-31,3619000000,-69000000,-3688000000,-52.4493
2017Q4,GOOGL,2017-12-31,4307000000,10268000000,5961000000,0.4195
2017Q4,META,2017-12-31,2263000000,7671000000,5408000000,0.295
2017Q4,MSFT,2017-12-31,2586000000,7875000000,5289000000,0.3284
2017Q4,ORCL,2017-11-30,599000000,850000000,251000000,0.7047
2018Q1,AMZN,2018-03-31,3098000000,-1791000000,-4889000000,-1.7298
2018Q1,GOOGL,2018-03-31,7299000000,11642000000,4343000000,0.627
2018Q1,META,2018-03-31,2812000000,7860000000,5048000000,0.3578
2018Q1,MSFT,2018-03-31,2934000000,12151000000,9217000000,0.2415
2018Q1,ORCL,2018-02-28,286000000,3310000000,3024000000,0.0864
2018Q2,AMZN,2018-06-30,3243000000,7449000000,4206000000,0.4354
2018Q2,GOOGL,2018-06-30,5477000000,10132000000,4655000000,0.5406
2018Q2,META,2018-06-30,3460000000,6298000000,2838000000,0.5494
2018Q2,MSFT,2018-06-30,3980000000,11418000000,7438000000,0.3486
2018Q2,ORCL,2018-05-31,378000000,4660000000,4282000000,0.0811
2018Q3,AMZN,2018-09-30,3352000000,8588000000,5236000000,0.3903
2018Q3,GOOGL,2018-09-30,5282000000,13210000000,7928000000,0.3998
2018Q3,META,2018-09-30,3342000000,7498000000,4156000000,0.4457
2018Q3,MSFT,2018-09-30,3602000000,13657000000,10055000000,0.2637
2018Q3,ORCL,2018-08-31,383000000,6722000000,6339000000,0.057
2018Q4,AMZN,2018-12-31,3734000000,16477000000,12743000000,0.2266
2018Q4,GOOGL,2018-12-31,7081000000,12987000000,5906000000,0.5452
2018Q4,META,2018-12-31,4301000000,7618000000,3317000000,0.5646
2018Q4,MSFT,2018-12-31,3707000000,8900000000,5193000000,0.4165
2018Q4,ORCL,2018-11-30,421000000,546000000,125000000,0.7711
2019Q1,AMZN,2019-03-31,3290000000,1846000000,-1444000000,1.7822
2019Q1,GOOGL,2019-03-31,4638000000,12000000000,7362000000,0.3865
2019Q1,META,2019-03-31,3837000000,9308000000,5471000000,0.4122
2019Q1,MSFT,2019-03-31,2565000000,13520000000,10955000000,0.1897
2019Q1,ORCL,2019-02-28,443000000,2861000000,2418000000,0.1548
2019Q2,AMZN,2019-06-30,3562000000,9118000000,5556000000,0.3907
2019Q2,GOOGL,2019-06-30,6126000000,12627000000,6501000000,0.4852
2019Q2,META,2019-06-30,3633000000,8616000000,4983000000,0.4217
2019Q2,MSFT,2019-06-30,4051000000,16108000000,12057000000,0.2515
2019Q2,ORCL,2019-05-31,413000000,4422000000,4009000000,0.0934
2019Q3,AMZN,2019-09-30,4697000000,7892000000,3195000000,0.5952
2019Q3,GOOGL,2019-09-30,6732000000,15466000000,8734000000,0.4353
2019Q3,META,2019-09-30,3532000000,9307000000,5775000000,0.3795
2019Q3,MSFT,2019-09-30,3385000000,13818000000,10433000000,0.245
2019Q3,ORCL,2019-08-31,386000000,6000000000,5614000000,0.0643
2019Q4,AMZN,2019-12-31,5312000000,19659000000,14347000000,0.2702
2019Q4,GOOGL,2019-12-31,6052000000,14427000000,8375000000,0.4195
2019Q4,META,2019-12-31,4100000000,9083000000,4983000000,0.4514
2019Q4,MSFT,2019-12-31,3545000000,10680000000,7135000000,0.3319
2019Q4,ORCL,2019-11-30,349000000,513000000,164000000,0.6803
2020Q1,AMZN,2020-03-31,6795000000,3064000000,-3731000000,2.2177
2020Q1,GOOGL,2020-03-31,6005000000,11451000000,5446000000,0.5244
2020Q1,META,2020-03-31,3558000000,11001000000,7443000000,0.3234
2020Q1,MSFT,2020-03-31,3767000000,17504000000,13737000000,0.2152
2020Q1,ORCL,2020-02-29,396000000,3012000000,2616000000,0.1315
2020Q2,AMZN,2020-06-30,7459000000,20606000000,13147000000,0.362
2020Q2,GOOGL,2020-06-30,5391000000,13993000000,8602000000,0.3853
2020Q2,META,2020-06-30,3255000000,3877000000,622000000,0.8396
2020Q2,MSFT,2020-06-30,4744000000,18673000000,13929000000,0.2541
2020Q2,ORCL,2020-05-31,433000000,3614000000,3181000000,0.1198
2020Q3,AMZN,2020-09-30,11063000000,11964000000,901000000,0.9247
2020Q3,GOOGL,2020-09-30,5406000000,17003000000,11597000000,0.3179
2020Q3,META,2020-09-30,3689000000,9829000000,6140000000,0.3753
2020Q3,MSFT,2020-09-30,4907000000,19335000000,14428000000,0.2538
2020Q3,ORCL,2020-08-31,436000000,5953000000,5517000000,0.0732
2020Q4,AMZN,2020-12-31,14823000000,30431000000,15608000000,0.4871
2020Q4,GOOGL,2020-12-31,5479000000,22677000000,17198000000,0.2416
2020Q4,META,2020-12-31,48000000,14040000000,13992000000,0.0034
2020Q4,MSFT,2020-12-31,4174000000,12516000000,8342000000,0.3335
2020Q4,ORCL,2020-11-30,568000000,1388000000,820000000,0.4092
2021Q1,AMZN,2021-03-31,12082000000,4213000000,-7869000000,2.8678
2021Q1,GOOGL,2021-03-31,5942000000,19289000000,13347000000,0.3081
2021Q1,META,2021-03-31,31000000,12242000000,12211000000,0.0025
2021Q1,MSFT,2021-03-31,5089000000,22179000000,17090000000,0.2295
2021Q1,ORCL,2021-02-28,414000000,3704000000,3290000000,0.1118
2021Q2,AMZN,2021-06-30,14288000000,12715000000,-1573000000,1.1237
2021Q2,GOOGL,2021-06-30,5496000000,21890000000,16394000000,0.2511
2021Q2,META,2021-06-30,60000000,13247000000,13187000000,0.0045
2021Q2,MSFT,2021-06-30,6452000000,22710000000,16258000000,0.2841
2021Q2,ORCL,2021-05-31,717000000,4842000000,4125000000,0.1481
2021Q3,AMZN,2021-09-30,15748000000,7313000000,-8435000000,2.1534
2021Q3,GOOGL,2021-09-30,6819000000,25539000000,18720000000,0.267
2021Q3,META,2021-09-30,92000000,14090000000,13998000000,0.0065
2021Q3,MSFT,2021-09-30,5810000000,24540000000,18730000000,0.2368
2021Q3,ORCL,2021-08-31,1062000000,5391000000,4329000000,0.197
2021Q4,AMZN,2021-12-31,18935000000,22086000000,3151000000,0.8573
2021Q4,GOOGL,2021-12-31,6383000000,24934000000,18551000000,0.256
2021Q4,META,2021-12-31,123000000,18104000000,17981000000,0.0068
2021Q4,MSFT,2021-12-31,5865000000,14480000000,8615000000,0.405
2021Q4,ORCL,2021-11-30,925000000,-3682000000,-4607000000,-0.2512
2022Q1,AMZN,2022-03-31,14951000000,-2790000000,-17741000000,-5.3588
2022Q1,GOOGL,2022-03-31,9786000000,25106000000,15320000000,0.3898
2022Q1,META,2022-03-31,5441000000,14076000000,8635000000,0.3865
2022Q1,MSFT,2022-03-31,5340000000,25386000000,20046000000,0.2104
2022Q1,ORCL,2022-02-28,1101000000,3845000000,2744000000,0.2863
2022Q2,AMZN,2022-06-30,15724000000,8965000000,-6759000000,1.7539
2022Q2,GOOGL,2022-06-30,6828000000,19422000000,12594000000,0.3516
2022Q2,META,2022-06-30,7572000000,12196000000,4624000000,0.6209
2022Q2,MSFT,2022-06-30,6871000000,24629000000,17758000000,0.279
2022Q2,ORCL,2022-05-31,1423000000,3985000000,2562000000,0.3571
2022Q3,AMZN,2022-09-30,16378000000,11404000000,-4974000000,1.4362
2022Q3,GOOGL,2022-09-30,7276000000,23353000000,16077000000,0.3116
2022Q3,META,2022-09-30,9375000000,9692000000,317000000,0.9673
2022Q3,MSFT,2022-09-30,6283000000,23198000000,16915000000,0.2708
2022Q3,ORCL,2022-08-31,1719000000,6394000000,4675000000,0.2688
2022Q4,AMZN,2022-12-31,16592000000,29173000000,12581000000,0.5687
2022Q4,GOOGL,2022-12-31,7595000000,23614000000,16019000000,0.3216
2022Q4,MSFT,2022-12-31,6274000000,11173000000,4899000000,0.5615
2022Q4,ORCL,2022-11-30,2435000000,849000000,-1586000000,2.8681
2023Q1,AMZN,2023-03-31,14207000000,4788000000,-9419000000,2.9672
2023Q1,GOOGL,2023-03-31,6289000000,23509000000,17220000000,0.2675
2023Q1,MSFT,2023-03-31,6607000000,24441000000,17834000000,0.2703
2023Q1,ORCL,2023-02-28,2628000000,4275000000,1647000000,0.6147
2023Q2,AMZN,2023-06-30,11455000000,16476000000,5021000000,0.6953
2023Q2,GOOGL,2023-06-30,6888000000,28666000000,21778000000,0.2403
2023Q2,MSFT,2023-06-30,8943000000,28770000000,19827000000,0.3108
2023Q2,ORCL,2023-05-31,1913000000,5647000000,3734000000,0.3388
2023Q3,AMZN,2023-09-30,12479000000,21217000000,8738000000,0.5882
2023Q3,GOOGL,2023-09-30,8055000000,30656000000,22601000000,0.2628
2023Q3,MSFT,2023-09-30,9917000000,30583000000,20666000000,0.3243
2023Q3,ORCL,2023-08-31,1314000000,6974000000,5660000000,0.1884
2023Q4,AMZN,2023-12-31,14588000000,42465000000,27877000000,0.3435
2023Q4,GOOGL,2023-12-31,11019000000,18915000000,7896000000,0.5826
2023Q4,MSFT,2023-12-31,9735000000,18853000000,9118000000,0.5164
2023Q4,ORCL,2023-11-30,1080000000,143000000,-937000000,7.5524
2024Q1,AMZN,2024-03-31,14925000000,18989000000,4064000000,0.786
2024Q1,GOOGL,2024-03-31,12012000000,28848000000,16836000000,0.4164
2024Q1,META,2024-03-31,6400000000,19246000000,12846000000,0.3325
2024Q1,MSFT,2024-03-31,10952000000,31917000000,20965000000,0.3431
2024Q1,ORCL,2024-02-29,1674000000,5475000000,3801000000,0.3058
2024Q2,AMZN,2024-06-30,17620000000,25281000000,7661000000,0.697
2024Q2,GOOGL,2024-06-30,13186000000,26640000000,13454000000,0.495
2024Q2,META,2024-06-30,8173000000,19370000000,11197000000,0.4219
2024Q2,MSFT,2024-06-30,13873000000,37195000000,23322000000,0.373
2024Q2,ORCL,2024-05-31,2798000000,6081000000,3283000000,0.4601
2024Q3,AMZN,2024-09-30,22620000000,25971000000,3351000000,0.871
2024Q3,GOOGL,2024-09-30,13061000000,30698000000,17637000000,0.4255
2024Q3,META,2024-09-30,8258000000,24724000000,16466000000,0.334
2024Q3,MSFT,2024-09-30,14923000000,34180000000,19257000000,0.4366
2024Q3,ORCL,2024-08-31,2303000000,7427000000,5124000000,0.3101
2024Q4,AMZN,2024-12-31,27834000000,45636000000,17802000000,0.6099
2024Q4,GOOGL,2024-12-31,14276000000,39113000000,24837000000,0.365
2024Q4,META,2024-12-31,14425000000,27988000000,13563000000,0.5154
2024Q4,MSFT,2024-12-31,15804000000,22291000000,6487000000,0.709
2024Q4,ORCL,2024-11-30,3970000000,1304000000,-2666000000,3.0445
2025Q1,AMZN,2025-03-31,25019000000,17015000000,-8004000000,1.4704
2025Q1,GOOGL,2025-03-31,17197000000,36150000000,18953000000,0.4757
2025Q1,META,2025-03-31,12941000000,24026000000,11085000000,0.5386
2025Q1,MSFT,2025-03-31,16745000000,37044000000,20299000000,0.452
2025Q1,ORCL,2025-02-28,5862000000,5933000000,71000000,0.988
2025Q2,AMZN,2025-06-30,32183000000,32515000000,332000000,0.9898
2025Q2,GOOGL,2025-06-30,22446000000,27747000000,5301000000,0.809
2025Q2,META,2025-06-30,16538000000,25561000000,9023000000,0.647
2025Q2,MSFT,2025-06-30,17079000000,42647000000,25568000000,0.4005
2025Q2,ORCL,2025-05-31,9080000000,6157000000,-2923000000,1.4747
2025Q3,AMZN,2025-09-30,35095000000,35525000000,430000000,0.9879
2025Q3,GOOGL,2025-09-30,23953000000,48414000000,24461000000,0.4948
2025Q3,META,2025-09-30,18829000000,29999000000,11170000000,0.6277
2025Q3,MSFT,2025-09-30,19394000000,45057000000,25663000000,0.4304
2025Q3,ORCL,2025-08-31,8502000000,8140000000,-362000000,1.0445
2025Q4,AMZN,2025-12-31,39522000000,54459000000,14937000000,0.7257
2025Q4,GOOGL,2025-12-31,27851000000,52402000000,24551000000,0.5315
2025Q4,META,2025-12-31,21383000000,36214000000,14831000000,0.5905
2025Q4,MSFT,2025-12-31,29876000000,35758000000,5882000000,0.8355
2025Q4,ORCL,2025-11-30,12033000000,2066000000,-9967000000,5.8243
2026Q1,AMZN,2026-03-31,44203000000,26032000000,-18171000000,1.698
2026Q1,GOOGL,2026-03-31,35674000000,45790000000,10116000000,0.7791
2026Q1,META,2026-03-31,18997000000,32226000000,13229000000,0.5895
2026Q1,MSFT,2026-03-31,30876000000,46679000000,15803000000,0.6615
2026Q1,ORCL,2026-02-28,18635000000,7151000000,-11484000000,2.6059
2026Q2,AMZN,2026-06-30,54208000000,45387000000,-8821000000,1.1944
2026Q2,GOOGL,2026-06-30,44924000000,39069000000,-5855000000,1.1499
2026Q2,META,2026-06-30,30116000000,31862000000,1746000000,0.9452
2026Q2,MSFT,2026-06-30,35802000000,55441000000,19639000000,0.6458
2026Q2,ORCL,2026-05-31,16493000000,14620000000,-1873000000,1.1281
